conflict_id,conflict_name,alternative_names,start_date,end_date,duration_days_to_date,duration_years_to_date,duration_is_provisional,status,is_ongoing,countries_involved,n_countries_involved,region,cities,latitude,longitude,side_a,side_b,military_alliances_raw,cause_of_conflict,conflict_type,military_casualties_low,military_casualties_high,civilian_casualties_low,civilian_casualties_high,total_casualties_low,total_casualties_high,total_casualties_estimate,casualty_estimate_basis,refugees,refugees_reported,internally_displaced_persons,idps_reported,economic_damage_usd_low,economic_damage_usd_high,economic_damage_reported,economic_damage_note,infrastructure_damage,peace_agreement,ceasefire_date,ceasefire_date_reported,outcome,data_confidence,source_ids,last_verified_date
CNF-0001,World War I,The Great War|First World War,1914-07-28,1918-11-11,1567,4.29,False,Ended,False,Germany|Austria-Hungary|Ottoman Empire|France|United Kingdom|Russia|Italy|United States|Serbia|Belgium|Japan,11,Europe / Middle East / Africa / Global,"Verdun, France|Ypres, Belgium|Somme, France|Gallipoli, Turkey",49.16,5.38,Allied Powers (Triple Entente + allies),Central Powers,Allied Powers (Triple Entente + allies)|Central Powers,Assassination of Archduke Franz Ferdinand; alliance system; militarism; imperial rivalry,Interstate war,9000000,11000000,6000000,13000000,15000000,22000000,17000000,Widely-cited range reflects differing treatment of the 1918 influenza pandemic overlap and Ottoman/Russian record gaps,-1,False,-1,False,208000000000,208000000000,True,"Contemporary (1919) estimate, not inflation-adjusted",Not systematically documented,Treaty of Versailles (1919) + other Paris Peace Treaties,Not Applicable,False,"Allied victory; collapse of German, Austro-Hungarian, Russian and Ottoman Empires",High,SRC001|SRC005|SRC012,2026-07-07
CNF-0002,Russian Civil War,None documented,1917-11-07,1922-06-16,1682,4.61,False,Ended,False,Russia|Ukraine|Poland|Japan|United Kingdom|France|United States,7,Eastern Europe / Siberia,Moscow|Petrograd|Omsk|Kiev,55.75,37.62,Bolshevik Red Army,White Movement + Allied intervention forces,Bolshevik Red Army|White Movement + Allied intervention forces,Collapse of Russian Empire; October Revolution; disputes over Bolshevik rule,Civil war (with foreign intervention),1500000,2000000,6000000,8000000,7000000,12000000,9000000,Includes famine/disease deaths (1921-22 famine) commonly attributed to the war's disruption; figures contested,-1,False,-1,False,-1,-1,False,Not systematically estimated,Not systematically documented,None (Bolshevik military victory),Not Applicable,False,Bolshevik victory; formation of the Soviet Union (1922),Medium,SRC002|SRC005|SRC012,2026-07-07
CNF-0003,Mexican Revolution,None documented,1914-01-01,1920-05-21,2332,6.38,False,Ended,False,Mexico,1,North America,Mexico City|Ciudad Juarez,23.63,-102.55,"Various revolutionary factions (Constitutionalists, Villistas, Zapatistas)",Not delineated into two sides (see military_alliances_raw),"Various revolutionary factions (Constitutionalists, Villistas, Zapatistas)",Opposition to Porfirio Diaz dictatorship; land reform demands,Civil war,250000,500000,500000,1500000,1000000,2000000,1500000,Note: revolution began 1910; only the 1914-1920 phase falls in this dataset's scope,-1,False,-1,False,-1,-1,False,Not systematically estimated,Not systematically documented,Mexican Constitution of 1917,Not Applicable,False,End of Diaz-era dictatorship; new constitutional government,Medium,SRC005|SRC012,2026-07-07
CNF-0004,Irish War of Independence,Anglo-Irish War,1919-01-21,1921-07-11,902,2.47,False,Ended,False,United Kingdom|Ireland,2,Europe,Dublin|Cork,53.35,-6.26,Irish Republican Army,British Crown forces,Irish Republican Army|British Crown forces,Irish republican independence movement following 1916 Easter Rising,War of independence / insurgency,550,750,200,300,1400,2000,1700,Single broadly-agreed figure in cited sources; no material dispute to note,-1,False,-1,False,-1,-1,False,Not systematically estimated,Not systematically documented,Anglo-Irish Treaty (1921),Not Applicable,False,Creation of the Irish Free State; partition of Ireland,Medium,SRC005|SRC012,2026-07-07
CNF-0005,Irish Civil War,None documented,1922-06-28,1923-05-24,330,0.9,False,Ended,False,Ireland,1,Europe,Dublin,53.35,-6.26,Provisional Government / Free State forces,Anti-Treaty IRA,Provisional Government / Free State forces|Anti-Treaty IRA,Dispute over the Anglo-Irish Treaty and partition,Civil war,1500,4000,300,1000,1800,5000,3000,Single broadly-agreed figure in cited sources; no material dispute to note,-1,False,-1,False,-1,-1,False,Not systematically estimated,Not systematically documented,Anti-Treaty ceasefire (May 1923),Not Applicable,False,Victory for pro-Treaty Free State government,Low,SRC005|SRC012,2026-07-07
CNF-0006,Polish-Soviet War,None documented,1919-02-14,1921-03-18,763,2.09,False,Ended,False,Poland|Soviet Union|Ukraine,3,Eastern Europe,Warsaw|Kiev,52.23,21.01,Second Polish Republic + Ukrainian People's Republic,Soviet Russia,Second Polish Republic + Ukrainian People's Republic|Soviet Russia,Border disputes following WWI; competing visions for Eastern European borders,Interstate war,180000,250000,50000,200000,230000,450000,300000,Single broadly-agreed figure in cited sources; no material dispute to note,-1,False,-1,False,-1,-1,False,Not systematically estimated,Not systematically documented,Peace of Riga (1921),Not Applicable,False,Polish victory; border settlement in Peace of Riga,Medium,SRC001|SRC012,2026-07-07
CNF-0007,Turkish War of Independence,Greco-Turkish War (1919-1922),1919-05-19,1923-07-24,1527,4.18,False,Ended,False,Turkey|Greece|Armenia|France|United Kingdom,5,Middle East / Europe,Smyrna (Izmir)|Ankara,39.93,32.86,Turkish National Movement,Allied occupying powers + Kingdom of Greece,Turkish National Movement|Allied occupying powers + Kingdom of Greece,Partition of the Ottoman Empire under the Treaty of Sevres,War of independence,100000,175000,150000,400000,250000,575000,400000,"Civilian toll includes population exchange and expulsion-related deaths, which are separately and controversially documented",-1,False,-1,False,-1,-1,False,Not systematically estimated,Not systematically documented,Treaty of Lausanne (1923),Not Applicable,False,Turkish victory; founding of the Republic of Turkey,Medium,SRC005|SRC012,2026-07-07
CNF-0008,Chaco War,None documented,1932-06-15,1935-06-12,1092,2.99,False,Ended,False,Bolivia|Paraguay,2,South America,Boqueron|Nanawa,-22.5,-60.0,Not delineated into two sides (see military_alliances_raw),Not delineated into two sides (see military_alliances_raw),Not documented as a formal two-sided alliance structure,Territorial dispute over the Gran Chaco region (believed to hold oil reserves),Interstate war,100000,100000,0,5000,100000,105000,100000,Single broadly-agreed figure in cited sources; no material dispute to note,-1,False,-1,False,-1,-1,False,Not systematically estimated,Not systematically documented,Buenos Aires Peace Conference (1938),Not Applicable,False,Paraguayan victory; most Chaco territory awarded to Paraguay,Medium,SRC001|SRC005,2026-07-07
CNF-0009,Second Italo-Ethiopian War,Abyssinia Crisis,1935-10-03,1936-05-05,215,0.59,False,Ended,False,Italy|Ethiopia,2,Africa,Addis Ababa|Adwa,9.03,38.74,Not delineated into two sides (see military_alliances_raw),Not delineated into two sides (see military_alliances_raw),Not documented as a formal two-sided alliance structure,Italian colonial expansionism under Mussolini,Interstate war (colonial conquest),20000,275000,200000,500000,220000,760000,400000,Ethiopian government estimates are substantially higher than Italian military records; wide range reflects this,-1,False,-1,False,-1,-1,False,Not systematically estimated,Not systematically documented,None (Italian annexation),Not Applicable,False,Italian conquest; Ethiopia annexed into Italian East Africa,Low,SRC005|SRC012,2026-07-07
CNF-0010,Spanish Civil War,None documented,1936-07-17,1939-04-01,988,2.7,False,Ended,False,Spain|Germany|Italy|Soviet Union,4,Europe,Madrid|Guernica|Barcelona,40.42,-3.7,"Spanish Republic (+ International Brigades, USSR)","Nationalist faction (+ Nazi Germany, Fascist Italy)","Spanish Republic (+ International Brigades, USSR)|Nationalist faction (+ Nazi Germany, Fascist Italy)",Military coup against the Second Spanish Republic,Civil war (with foreign intervention),175000,250000,200000,350000,375000,500000,440000,Single broadly-agreed figure in cited sources; no material dispute to note,-1,False,-1,False,-1,-1,False,Not systematically estimated,Not systematically documented,None (Nationalist military victory),Not Applicable,False,Nationalist victory; Francisco Franco dictatorship established,Medium,SRC005|SRC012,2026-07-07
CNF-0011,Second Sino-Japanese War,None documented,1937-07-07,1945-09-09,2986,8.18,False,Ended,False,China|Japan,2,East Asia,Nanjing|Shanghai|Wuhan,32.06,118.79,Republic of China (+ later Allied support),Empire of Japan,Republic of China (+ later Allied support)|Empire of Japan,Japanese imperial expansion into China following the Manchurian Incident (1931),Interstate war,3500000,4000000,15000000,20000000,20000000,25000000,20000000,Frequently treated as the Asian theatre of WWII; figures here exclude overlap already counted under CNF-0013,-1,False,-1,False,-1,-1,False,Not systematically estimated,Not systematically documented,Japanese Instrument of Surrender (1945),Not Applicable,False,Japanese defeat; absorbed into Allied victory in WWII,Medium,SRC005|SRC012|SRC013,2026-07-07
CNF-0012,Winter War,Soviet-Finnish War,1939-11-30,1940-03-13,104,0.28,False,Ended,False,Soviet Union|Finland,2,Europe,Helsinki|Karelia,61.0,29.0,Not delineated into two sides (see military_alliances_raw),Not delineated into two sides (see military_alliances_raw),Not documented as a formal two-sided alliance structure,Soviet demands for Finnish territory to buffer Leningrad,Interstate war,126000,170000,900,1000,127000,171000,145000,Single broadly-agreed figure in cited sources; no material dispute to note,-1,False,-1,False,-1,-1,False,Not systematically estimated,Not systematically documented,Moscow Peace Treaty (1940),Not Applicable,False,Soviet victory; Finland cedes ~11% of its territory,Medium,SRC001|SRC005,2026-07-07
CNF-0013,World War II,Second World War,1939-09-01,1945-09-02,2193,6.0,False,Ended,False,Germany|Japan|Italy|United States|United Kingdom|Soviet Union|France|China|Poland,9,Europe / Asia / Africa / Pacific / Global,Stalingrad|Normandy|Hiroshima|Berlin|Pearl Harbor,51.17,10.45,Allied Powers,Axis Powers,Allied Powers|Axis Powers,German invasion of Poland; unresolved WWI grievances; fascist expansionism; Japanese imperial expansion,Global interstate war,21000000,25000000,40000000,55000000,70000000,85000000,75000000,"Includes the Holocaust (~6 million Jewish victims, USHMM) and famine/atrocity deaths in Asia; ranges reflect major historiographical disagreement, esp. Soviet and Chinese totals",-1,False,60000000,True,4000000000000,4000000000000,True,"Rough contemporary global cost estimate, not inflation-adjusted; excludes long-run reconstruction spending",Not systematically documented,"Instruments of surrender (Germany, May 1945; Japan, Sept 1945)",Not Applicable,False,Allied victory; founding of the United Nations; onset of the Cold War,High,SRC001|SRC005|SRC012|SRC013|SRC014,2026-07-07
CNF-0014,Continuation War,None documented,1941-06-25,1944-09-19,1182,3.24,False,Ended,False,Finland|Soviet Union|Germany,3,Europe,Karelia,61.0,30.5,Finland (co-belligerent with Germany),Soviet Union,Finland (co-belligerent with Germany)|Soviet Union,Finnish attempt to reclaim territory lost in the Winter War,Interstate war (part of WWII),126000,130000,2000,2100,128000,132000,130000,Single broadly-agreed figure in cited sources; no material dispute to note,-1,False,-1,False,-1,-1,False,Not systematically estimated,Not systematically documented,Moscow Armistice (1944),Not Applicable,False,Finnish-Soviet armistice; Finland cedes further territory,Medium,SRC001|SRC005,2026-07-07
CNF-0015,Chinese Civil War (resumed phase),None documented,1946-04-01,1949-12-07,1346,3.69,False,Ended,False,China,1,East Asia,Beijing|Nanjing|Shanghai,39.9,116.4,Kuomintang (Nationalists),Communist Party of China,Kuomintang (Nationalists)|Communist Party of China,"Ideological struggle for control of China, paused during WWII",Civil war,1200000,2500000,1000000,2000000,2000000,4000000,3000000,Single broadly-agreed figure in cited sources; no material dispute to note,2000000,True,-1,False,-1,-1,False,Not systematically estimated,Not systematically documented,None (Communist military victory),Not Applicable,False,Communist victory; founding of the PRC; Nationalist retreat to Taiwan,Medium,SRC002|SRC005|SRC012,2026-07-07
CNF-0016,Indonesian National Revolution,None documented,1945-08-17,1949-12-27,1593,4.36,False,Ended,False,Indonesia|Netherlands,2,Southeast Asia,Jakarta|Surabaya,-6.2,106.85,Republic of Indonesia,Netherlands (colonial forces),Republic of Indonesia|Netherlands (colonial forces),Indonesian declaration of independence from Dutch colonial rule,War of independence,45000,100000,25000,100000,70000,200000,130000,Single broadly-agreed figure in cited sources; no material dispute to note,-1,False,-1,False,-1,-1,False,Not systematically estimated,Not systematically documented,Dutch-Indonesian Round Table Conference (1949),Not Applicable,False,Indonesian independence recognized by the Netherlands,Medium,SRC005|SRC012,2026-07-07
CNF-0017,Indo-Pakistani War of 1947,First Kashmir War,1947-10-22,1948-12-31,436,1.19,False,Ended,False,India|Pakistan,2,South Asia,Srinagar,34.08,74.79,Not delineated into two sides (see military_alliances_raw),Not delineated into two sides (see military_alliances_raw),Not documented as a formal two-sided alliance structure,Dispute over accession of the princely state of Jammu and Kashmir following partition,Interstate war,3500,6000,500,2000,4000,8000,6000,Single broadly-agreed figure in cited sources; no material dispute to note,-1,False,-1,False,-1,-1,False,Not systematically estimated,Not systematically documented,UN-brokered ceasefire (1949),Not Applicable,False,Ceasefire line established (Line of Control); Kashmir dispute unresolved,Medium,SRC001|SRC005,2026-07-07
CNF-0018,1948 Arab-Israeli War,Israeli War of Independence|Nakba,1948-05-15,1949-03-10,299,0.82,False,Ended,False,Israel|Egypt|Jordan|Syria|Lebanon|Iraq,6,Middle East,Jerusalem|Jaffa,31.78,35.22,Israel,Arab League states,Israel|Arab League states,Declaration of the State of Israel following the UN Partition Plan for Palestine,Interstate war,6373,6373,3000,13000,9000,20000,15000,"Palestinian civilian toll and the ~750,000 refugee figure (Nakba) remain subjects of historiographical dispute",750000,True,-1,False,-1,-1,False,Not systematically estimated,Not systematically documented,1949 Armistice Agreements,Not Applicable,False,Israeli victory; armistice lines established; large-scale Palestinian displacement,Medium,SRC005|SRC012,2026-07-07
CNF-0019,Korean War,None documented,1950-06-25,1953-07-27,1128,3.09,False,Ended,False,North Korea|South Korea|United States|China|Soviet Union,5,East Asia,Seoul|Pyongyang|Incheon,38.0,127.5,UN Command (US-led),North Korea + China (+ Soviet air support),UN Command (US-led)|North Korea + China (+ Soviet air support),North Korean invasion of South Korea amid Cold War division of the Korean peninsula,Interstate war,1200000,1500000,2000000,3000000,3000000,4500000,3500000,Single broadly-agreed figure in cited sources; no material dispute to note,5000000,True,-1,False,-1,-1,False,Not systematically estimated,Not systematically documented,Korean Armistice Agreement (1953) - no formal peace treaty to date,1953-07-27,True,Armistice; peninsula remains divided at the 38th parallel,High,SRC001|SRC005|SRC015,2026-07-07
CNF-0020,Mau Mau Uprising,Kenya Emergency,1952-10-20,1960-01-12,2640,7.23,False,Ended,False,Kenya|United Kingdom,2,Africa,Nairobi,-1.29,36.82,Not delineated into two sides (see military_alliances_raw),Not delineated into two sides (see military_alliances_raw),Not documented as a formal two-sided alliance structure,Anti-colonial rebellion against British rule and land dispossession,Insurgency / colonial war,1500,2000,11000,90000,12000,90000,25000,"British colonial-era figures (~11,000) vs. later Kenyan/academic estimates (up to ~90,000) differ enormously; both reported",-1,False,-1,False,-1,-1,False,Not systematically estimated,Not systematically documented,None (no formal treaty; ended by British military suppression),Not Applicable,False,British suppression of the uprising; accelerated path to Kenyan independence (1963),Low,SRC005|SRC012,2026-07-07
CNF-0021,First Indochina War,None documented,1946-12-19,1954-08-01,2782,7.62,False,Ended,False,Vietnam|France,2,Southeast Asia,Hanoi|Dien Bien Phu,21.03,105.85,Viet Minh,France (+ State of Vietnam),Viet Minh|France (+ State of Vietnam),Vietnamese independence movement against French colonial rule,War of independence,175000,300000,125000,400000,300000,700000,450000,Single broadly-agreed figure in cited sources; no material dispute to note,-1,False,-1,False,-1,-1,False,Not systematically estimated,Not systematically documented,Geneva Accords (1954),Not Applicable,False,French withdrawal; Vietnam partitioned at the 17th parallel,Medium,SRC005|SRC012,2026-07-07
CNF-0022,Algerian War of Independence,None documented,1954-11-01,1962-03-19,2695,7.38,False,Ended,False,Algeria|France,2,North Africa,Algiers,36.75,3.06,Front de Liberation Nationale (FLN),France,Front de Liberation Nationale (FLN)|France,Algerian independence movement against French colonial rule,War of independence,25000,50000,300000,500000,350000,1500000,500000,"Algerian government figure (~1.5M) far exceeds most independent academic estimates (~350,000-500,000); both are commonly cited",900000,True,-1,False,-1,-1,False,Not systematically estimated,Not systematically documented,Evian Accords (1962),Not Applicable,False,Algerian independence,Low,SRC005|SRC012,2026-07-07
CNF-0023,Suez Crisis,Tripartite Aggression,1956-10-29,1957-03-07,129,0.35,False,Ended,False,Egypt|Israel|United Kingdom|France,4,Middle East,Port Said|Suez,31.26,32.3,Egypt,"Israel, United Kingdom, France","Egypt|Israel, United Kingdom, France",Nationalization of the Suez Canal by Egypt,Interstate war,1650,3100,1000,3000,3000,6000,4500,Single broadly-agreed figure in cited sources; no material dispute to note,-1,False,-1,False,-1,-1,False,Not systematically estimated,Not systematically documented,UN-brokered withdrawal (1957),Not Applicable,False,Political victory for Egypt; UK/France/Israel withdraw under US/Soviet pressure,Medium,SRC005|SRC012,2026-07-07
CNF-0024,Guinea-Bissau War of Independence,None documented,1963-01-23,1974-09-10,4248,11.63,False,Ended,False,Guinea-Bissau|Portugal,2,Africa,Bissau,11.86,-15.6,PAIGC,Portugal,PAIGC|Portugal,Independence movement against Portuguese colonial rule,War of independence,15000,15000,1000,6000,16000,21000,18000,Single broadly-agreed figure in cited sources; no material dispute to note,-1,False,-1,False,-1,-1,False,Not systematically estimated,Not systematically documented,Algiers Accord (1974),Not Applicable,False,Guinea-Bissau independence recognized,Low,SRC005|SRC012,2026-07-07
CNF-0025,Congo Crisis,None documented,1960-07-05,1965-11-25,1969,5.39,False,Ended,False,Democratic Republic of Congo|Belgium,2,Africa,Leopoldville (Kinshasa)|Katanga,-4.32,15.32,Congolese central government (+ UN ONUC),Katangese/Kasai secessionists (+ Belgian/mercenary support),Congolese central government (+ UN ONUC)|Katangese/Kasai secessionists (+ Belgian/mercenary support),Power vacuum and secessionist movements following independence from Belgium,Civil war (with foreign/UN intervention),90000,100000,10000,100000,100000,200000,140000,Single broadly-agreed figure in cited sources; no material dispute to note,-1,False,-1,False,-1,-1,False,Not systematically estimated,Not systematically documented,None (military reunification),Not Applicable,False,Reunification of Congo under Mobutu Sese Seko (1965 coup),Low,SRC005|SRC012,2026-07-07
CNF-0026,Vietnam War,Second Indochina War,1955-11-01,1975-04-30,7120,19.49,False,Ended,False,Vietnam|United States|Cambodia|Laos,4,Southeast Asia,Saigon|Hanoi|Hue,10.82,106.63,South Vietnam + United States (+ SEATO allies),North Vietnam + Viet Cong (+ Soviet/Chinese support),South Vietnam + United States (+ SEATO allies)|North Vietnam + Viet Cong (+ Soviet/Chinese support),Cold War proxy conflict over reunification of Vietnam under competing ideologies,Civil war (with major foreign intervention),1100000,1450000,1500000,2000000,2600000,3600000,3000000,"US military deaths recorded precisely (58,220, VA); Vietnamese military/civilian totals vary by source",1600000,True,-1,False,-1,-1,False,Not systematically estimated,Not systematically documented,Paris Peace Accords (1973); war continued until 1975 fall of Saigon,Not Applicable,False,North Vietnamese/Viet Cong victory; reunification of Vietnam under communist rule,High,SRC001|SRC005|SRC015|SRC016,2026-07-07
CNF-0027,Indo-Pakistani War of 1965,Second Kashmir War,1965-08-05,1965-09-23,49,0.13,False,Ended,False,India|Pakistan,2,South Asia,Lahore|Kashmir,31.55,74.34,Not delineated into two sides (see military_alliances_raw),Not delineated into two sides (see military_alliances_raw),Not documented as a formal two-sided alliance structure,Renewed dispute over Kashmir,Interstate war,6800,8000,0,500,6800,8500,7500,Single broadly-agreed figure in cited sources; no material dispute to note,-1,False,-1,False,-1,-1,False,Not systematically estimated,Not systematically documented,Tashkent Declaration (1966),Not Applicable,False,Ceasefire; status quo largely restored,Medium,SRC001|SRC005,2026-07-07
CNF-0028,Six-Day War,None documented,1967-06-05,1967-06-10,5,0.01,False,Ended,False,Israel|Egypt|Jordan|Syria,4,Middle East,Jerusalem|Sinai|Golan Heights,31.5,34.75,Israel,"Egypt, Jordan, Syria","Israel|Egypt, Jordan, Syria","Escalating regional tensions, Egyptian blockade of the Straits of Tiran, troop mobilizations",Interstate war,17500,21000,0,1000,17500,22000,20000,Single broadly-agreed figure in cited sources; no material dispute to note,300000,True,-1,False,-1,-1,False,Not systematically estimated,Not systematically documented,UN Security Council Resolution 242 (1967),Not Applicable,False,"Israeli victory; occupation of Sinai, Gaza, West Bank, Golan Heights, East Jerusalem",High,SRC001|SRC005,2026-07-07
CNF-0029,Nigerian Civil War,Biafran War,1967-07-06,1970-01-15,924,2.53,False,Ended,False,Nigeria,1,Africa,Enugu|Port Harcourt,6.46,7.55,Nigerian federal government,Republic of Biafra,Nigerian federal government|Republic of Biafra,Attempted secession of the Biafra region amid ethnic and political tensions,Civil war,45000,100000,500000,2000000,545000,2100000,1000000,Most civilian deaths attributed to famine/blockade-induced starvation; estimates vary widely,3000000,True,-1,False,-1,-1,False,Not systematically estimated,Not systematically documented,None (federal military victory),Not Applicable,False,Biafra reintegrated into Nigeria,Low,SRC005|SRC012,2026-07-07
CNF-0030,Cambodian Civil War,None documented,1967-01-11,1975-04-17,3018,8.26,False,Ended,False,Cambodia|Vietnam|United States,3,Southeast Asia,Phnom Penh,11.55,104.92,Khmer Republic (+ US support),Khmer Rouge (+ North Vietnamese support),Khmer Republic (+ US support)|Khmer Rouge (+ North Vietnamese support),Communist insurgency amid spillover from the Vietnam War,Civil war,150000,300000,200000,500000,350000,800000,500000,Single broadly-agreed figure in cited sources; no material dispute to note,-1,False,-1,False,-1,-1,False,Not systematically estimated,Not systematically documented,None (Khmer Rouge military victory),Not Applicable,False,Khmer Rouge takeover; followed by the Cambodian genocide (1975-1979),Low,SRC005|SRC012,2026-07-07
CNF-0031,Football War,Soccer War,1969-07-14,1969-07-18,4,0.01,False,Ended,False,El Salvador|Honduras,2,Central America,San Salvador|Tegucigalpa,13.79,-88.9,Not delineated into two sides (see military_alliances_raw),Not delineated into two sides (see military_alliances_raw),Not documented as a formal two-sided alliance structure,"Border and migration tensions, inflamed around World Cup qualifier matches",Interstate war,900,2100,900,1900,1800,4000,3000,Single broadly-agreed figure in cited sources; no material dispute to note,-1,False,-1,False,-1,-1,False,Not systematically estimated,Not systematically documented,OAS-brokered ceasefire (1969); peace treaty 1980,Not Applicable,False,Ceasefire; border dispute later resolved by the ICJ (1992),Medium,SRC005|SRC012,2026-07-07
CNF-0032,Bangladesh Liberation War,Indo-Pakistani War of 1971,1971-03-26,1971-12-16,265,0.73,False,Ended,False,Bangladesh|Pakistan|India,3,South Asia,Dhaka,23.81,90.41,Mukti Bahini + India,Pakistan,Mukti Bahini + India|Pakistan,Bengali nationalist movement against West Pakistani rule,War of independence / interstate war,8000,11000,300000,3000000,308000,3000000,1000000,"Bangladeshi government figure (3 million) vs. lower independent academic estimates (~300,000-500,000) remain sharply disputed",10000000,True,-1,False,-1,-1,False,Not systematically estimated,Not systematically documented,Instrument of Surrender (Dec 1971),Not Applicable,False,Independence of Bangladesh,Low,SRC001|SRC005|SRC012,2026-07-07
CNF-0033,Yom Kippur War,October War|Ramadan War,1973-10-06,1973-10-25,19,0.05,False,Ended,False,Israel|Egypt|Syria,3,Middle East,Sinai|Golan Heights,30.0,33.8,Israel,"Egypt, Syria (+ other Arab states)","Israel|Egypt, Syria (+ other Arab states)",Surprise attack to reclaim territory lost in the 1967 Six-Day War,Interstate war,8500,18500,0,500,8500,19000,16000,Single broadly-agreed figure in cited sources; no material dispute to note,-1,False,-1,False,-1,-1,False,Not systematically estimated,Not systematically documented,Disengagement agreements (1974); Camp David Accords (1978),Not Applicable,False,Military stalemate; led to Egypt-Israel peace process,High,SRC001|SRC005,2026-07-07
CNF-0034,Angolan War of Independence,None documented,1961-02-04,1974-01-15,4728,12.94,False,Ended,False,Angola|Portugal,2,Africa,Luanda,-8.84,13.23,"MPLA, FNLA, UNITA",Portugal,"MPLA, FNLA, UNITA|Portugal",Independence movement against Portuguese colonial rule,War of independence,30000,60000,20000,30000,50000,90000,60000,Single broadly-agreed figure in cited sources; no material dispute to note,-1,False,-1,False,-1,-1,False,Not systematically estimated,Not systematically documented,Alvor Agreement (1975),Not Applicable,False,Angolan independence; immediately followed by civil war,Low,SRC005|SRC012,2026-07-07
CNF-0035,Angolan Civil War,None documented,1975-11-11,2002-04-04,9641,26.4,False,Ended,False,Angola|Cuba|South Africa,3,Africa,Luanda|Huambo,-12.78,15.73,"MPLA (+ Cuba, Soviet support)","UNITA (+ South Africa, US support)","MPLA (+ Cuba, Soviet support)|UNITA (+ South Africa, US support)",Cold War proxy struggle for power following independence,Civil war (with foreign intervention),160000,300000,350000,500000,500000,800000,550000,Single broadly-agreed figure in cited sources; no material dispute to note,450000,True,4000000,True,-1,-1,False,Not systematically estimated,Not systematically documented,"Luena Memorandum (2002, following death of Jonas Savimbi)",Not Applicable,False,MPLA government victory,Medium,SRC002|SRC005|SRC012,2026-07-07
CNF-0036,Mozambican War of Independence,None documented,1964-09-25,1974-09-08,3635,9.95,False,Ended,False,Mozambique|Portugal,2,Africa,Maputo (Lourenco Marques),-25.97,32.57,FRELIMO,Portugal,FRELIMO|Portugal,Independence movement against Portuguese colonial rule,War of independence,10000,30000,30000,60000,40000,90000,60000,Single broadly-agreed figure in cited sources; no material dispute to note,-1,False,-1,False,-1,-1,False,Not systematically estimated,Not systematically documented,Lusaka Accord (1974),Not Applicable,False,Mozambican independence (1975),Low,SRC005|SRC012,2026-07-07
CNF-0037,Mozambican Civil War,None documented,1977-06-30,1992-10-04,5575,15.26,False,Ended,False,Mozambique|Rhodesia|South Africa,3,Africa,Maputo,-25.97,32.57,FRELIMO government,RENAMO (+ Rhodesian/South African support),FRELIMO government|RENAMO (+ Rhodesian/South African support),Anti-communist insurgency backed by Rhodesian and apartheid-era South African intelligence,Civil war (with foreign intervention),100000,200000,700000,1000000,800000,1200000,1000000,Single broadly-agreed figure in cited sources; no material dispute to note,1700000,True,4000000,True,-1,-1,False,Not systematically estimated,Not systematically documented,Rome General Peace Accords (1992),Not Applicable,False,Negotiated peace settlement; multi-party elections (1994),Medium,SRC002|SRC005|SRC012,2026-07-07
CNF-0038,Soviet-Afghan War,None documented,1979-12-24,1989-02-15,3341,9.15,False,Ended,False,Afghanistan|Soviet Union|Pakistan|United States,4,South Asia / Central Asia,Kabul|Kandahar,34.53,69.17,Democratic Republic of Afghanistan + Soviet Union,"Mujahideen (+ US, Pakistan, Saudi support)","Democratic Republic of Afghanistan + Soviet Union|Mujahideen (+ US, Pakistan, Saudi support)",Soviet intervention to support the communist Afghan government against a growing insurgency,Interstate war / insurgency,90000,100000,560000,2000000,650000,2000000,1000000,Single broadly-agreed figure in cited sources; no material dispute to note,6000000,True,2000000,True,-1,-1,False,Not systematically estimated,Not systematically documented,Geneva Accords (1988),Not Applicable,False,Soviet withdrawal; continued Afghan civil war,Medium,SRC001|SRC005|SRC012,2026-07-07
CNF-0039,Iran-Iraq War,First Persian Gulf War,1980-09-22,1988-08-20,2889,7.91,False,Ended,False,Iran|Iraq,2,Middle East,Basra|Khorramshahr,30.51,47.78,Iran,Iraq (with Western and Gulf-state financial backing),Iran|Iraq (with Western and Gulf-state financial backing),Iraqi invasion of Iran amid border and Islamic Revolution-related tensions,Interstate war,500000,1000000,100000,200000,600000,1200000,900000,Single broadly-agreed figure in cited sources; no material dispute to note,1500000,True,-1,False,-1,-1,False,Not systematically estimated,Not systematically documented,UN Security Council Resolution 598 (1988),Not Applicable,False,Ceasefire; borders largely unchanged from pre-war status quo,Medium,SRC001|SRC005,2026-07-07
CNF-0040,Falklands War,Guerra de las Malvinas,1982-04-02,1982-06-14,73,0.2,False,Ended,False,United Kingdom|Argentina,2,South Atlantic,Port Stanley,-51.7,-57.85,Not delineated into two sides (see military_alliances_raw),Not delineated into two sides (see military_alliances_raw),Not documented as a formal two-sided alliance structure,Argentine invasion of the British-held Falkland Islands,Interstate war,900,1000,3,3,900,1000,950,Single broadly-agreed figure in cited sources; no material dispute to note,-1,False,-1,False,-1,-1,False,Not systematically estimated,Not systematically documented,Ceasefire (1982); no formal peace treaty,Not Applicable,False,British victory; Falklands remain a UK Overseas Territory,High,SRC001|SRC005,2026-07-07
CNF-0041,Lebanese Civil War,None documented,1975-04-13,1990-10-13,5662,15.5,False,Ended,False,Lebanon|Syria|Israel,3,Middle East,Beirut,33.89,35.5,Lebanese National Movement + PLO (+ later Syria),Lebanese Front (+ later Israel),Lebanese National Movement + PLO (+ later Syria)|Lebanese Front (+ later Israel),Sectarian power-sharing tensions; PLO presence; regional proxy dynamics,Civil war (with foreign intervention),30000,50000,90000,120000,120000,150000,150000,Single broadly-agreed figure in cited sources; no material dispute to note,900000,True,800000,True,-1,-1,False,Not systematically estimated,Not systematically documented,Taif Agreement (1989),Not Applicable,False,Negotiated end to fighting; Syrian military presence until 2005,Medium,SRC002|SRC005|SRC012,2026-07-07
CNF-0042,1982 Lebanon War,Operation Peace for Galilee,1982-06-06,1982-09-01,87,0.24,False,Ended,False,Israel|Lebanon|Syria,3,Middle East,Beirut,33.89,35.5,Israel,"PLO, Syria","Israel|PLO, Syria",Israeli invasion to expel the PLO from southern Lebanon,Interstate war,1500,2500,17000,19000,18500,21500,19000,Single broadly-agreed figure in cited sources; no material dispute to note,-1,False,-1,False,-1,-1,False,Not systematically estimated,Not systematically documented,US-brokered PLO withdrawal agreement (1982),Not Applicable,False,PLO leadership relocated to Tunis; Israeli occupation of southern Lebanon until 2000,Low,SRC005|SRC012,2026-07-07
CNF-0043,Sri Lankan Civil War,None documented,1983-07-23,2009-05-18,9431,25.82,False,Ended,False,Sri Lanka,1,South Asia,Colombo|Jaffna|Mullaitivu,9.66,80.02,Sri Lankan government,Liberation Tigers of Tamil Eelam (LTTE),Sri Lankan government|Liberation Tigers of Tamil Eelam (LTTE),Tamil separatist movement amid ethnic and political marginalization,Civil war,30000,40000,40000,100000,70000,140000,100000,Single broadly-agreed figure in cited sources; no material dispute to note,140000,True,800000,True,-1,-1,False,Not systematically estimated,Not systematically documented,None (government military victory),Not Applicable,False,Sri Lankan government military victory; LTTE leadership eliminated,Medium,SRC002|SRC003|SRC012,2026-07-07
CNF-0044,First Sudanese Civil War,Anyanya Rebellion,1955-08-18,1972-03-27,6066,16.61,False,Ended,False,Sudan,1,Africa,Juba,4.85,31.58,Sudanese government,Anyanya (Southern Sudanese rebels),Sudanese government|Anyanya (Southern Sudanese rebels),Southern Sudanese grievances over political and economic marginalization,Civil war,250000,300000,250000,500000,500000,500000,500000,Single broadly-agreed figure in cited sources; no material dispute to note,220000,True,-1,False,-1,-1,False,Not systematically estimated,Not systematically documented,Addis Ababa Agreement (1972),Not Applicable,False,Southern Sudan granted regional autonomy,Low,SRC002|SRC005,2026-07-07
CNF-0045,Eritrean War of Independence,None documented,1961-09-01,1991-05-24,10857,29.72,False,Ended,False,Eritrea|Ethiopia,2,Africa,Asmara,15.34,38.93,Eritrean Liberation Front / Eritrean People's Liberation Front,Ethiopia,Eritrean Liberation Front / Eritrean People's Liberation Front|Ethiopia,Eritrean independence movement following federation/annexation by Ethiopia (1962),War of independence,150000,200000,50000,100000,200000,300000,250000,Single broadly-agreed figure in cited sources; no material dispute to note,500000,True,-1,False,-1,-1,False,Not systematically estimated,Not systematically documented,None (rebel military victory),Not Applicable,False,Eritrean independence (formalized 1993 referendum),Low,SRC002|SRC005,2026-07-07
CNF-0046,Western Sahara War,None documented,1975-10-31,1991-09-06,5789,15.85,False,Ended (unresolved status),False,Morocco|Western Sahara|Mauritania,3,North Africa,Laayoune,27.15,-13.2,Morocco (+ Mauritania until 1979),Polisario Front (+ Algeria support),Morocco (+ Mauritania until 1979)|Polisario Front (+ Algeria support),Decolonization dispute following Spanish withdrawal from Spanish Sahara,War of independence / insurgency,10000,20000,1000,5000,11000,25000,17000,Single broadly-agreed figure in cited sources; no material dispute to note,90000,True,-1,False,-1,-1,False,Not systematically estimated,Not systematically documented,UN-brokered ceasefire (1991); status remains unresolved (low-level clashes resumed 2020),1991-09-06,True,Ceasefire; territory remains disputed between Morocco and the Polisario Front,Low,SRC003|SRC005,2026-07-07
CNF-0047,Ogaden War,None documented,1977-07-13,1978-03-15,245,0.67,False,Ended,False,Somalia|Ethiopia|Cuba,3,Africa,Jijiga,9.35,42.8,Somalia,Ethiopia (+ Cuban and Soviet military support),Somalia|Ethiopia (+ Cuban and Soviet military support),Somali irredentist claim to the ethnic-Somali Ogaden region of Ethiopia,Interstate war,25000,35000,0,5000,25000,40000,30000,Single broadly-agreed figure in cited sources; no material dispute to note,-1,False,-1,False,-1,-1,False,Not systematically estimated,Not systematically documented,None (ceasefire),Not Applicable,False,Ethiopian/Cuban victory; Somali withdrawal,Low,SRC001|SRC005,2026-07-07
CNF-0048,Cambodian-Vietnamese War,None documented,1978-12-25,1989-09-26,3928,10.75,False,Ended,False,Vietnam|Cambodia,2,Southeast Asia,Phnom Penh,11.55,104.92,Vietnam + Cambodian United Front for National Salvation,Khmer Rouge (+ Chinese backing),Vietnam + Cambodian United Front for National Salvation|Khmer Rouge (+ Chinese backing),Vietnamese invasion to depose the Khmer Rouge regime after border attacks and the Cambodian genocide,Interstate war / occupation,60000,65000,15000,65000,75000,130000,100000,Single broadly-agreed figure in cited sources; no material dispute to note,-1,False,-1,False,-1,-1,False,Not systematically estimated,Not systematically documented,Paris Peace Agreements (1991),Not Applicable,False,Khmer Rouge removed from power; Vietnamese occupation until 1989 withdrawal,Low,SRC005|SRC012,2026-07-07
CNF-0049,Sino-Vietnamese War,Third Indochina War,1979-02-17,1979-03-16,27,0.07,False,Ended,False,China|Vietnam,2,Southeast Asia,Lang Son,21.85,106.76,Not delineated into two sides (see military_alliances_raw),Not delineated into two sides (see military_alliances_raw),Not documented as a formal two-sided alliance structure,Chinese response to Vietnam's invasion of Cambodia and treatment of ethnic Chinese,Interstate war,26000,62000,10000,100000,36000,162000,60000,Single broadly-agreed figure in cited sources; no material dispute to note,-1,False,-1,False,-1,-1,False,Not systematically estimated,Not systematically documented,Unilateral Chinese withdrawal (1979),Not Applicable,False,Both sides claimed victory; border skirmishes continued into the 1980s,Low,SRC001|SRC005,2026-07-07
CNF-0050,Sino-Indian War,Sino-Indian Border War,1962-10-20,1962-11-21,32,0.09,False,Ended,False,China|India,2,South Asia,Aksai Chin|Arunachal Pradesh,33.5,79.0,Not delineated into two sides (see military_alliances_raw),Not delineated into two sides (see military_alliances_raw),Not documented as a formal two-sided alliance structure,Disputed Himalayan border (McMahon Line),Interstate war,3225,4885,0,0,3225,4885,4000,Single broadly-agreed figure in cited sources; no material dispute to note,-1,False,-1,False,-1,-1,False,Not systematically estimated,Not systematically documented,Unilateral Chinese ceasefire (1962),Not Applicable,False,Chinese victory; border dispute remains unresolved,Medium,SRC001|SRC005,2026-07-07
CNF-0051,Turkish Invasion of Cyprus,Cyprus conflict of 1974,1974-07-20,1974-08-18,29,0.08,False,Ended (unresolved status),False,Cyprus|Turkey|Greece,3,Europe / Mediterranean,Nicosia|Famagusta,35.19,33.38,Cyprus (Greek Cypriot-led government),Turkey (+ Turkish Cypriot forces),Cyprus (Greek Cypriot-led government)|Turkey (+ Turkish Cypriot forces),Greek-backed coup against the Cypriot government; Turkish intervention citing minority protection,Interstate war,3500,6000,1000,2000,4500,8000,6000,Single broadly-agreed figure in cited sources; no material dispute to note,200000,True,-1,False,-1,-1,False,Not systematically estimated,Not systematically documented,None; UN buffer zone since 1974,Not Applicable,False,De facto partition of Cyprus; unresolved to date,Medium,SRC003|SRC005,2026-07-07
CNF-0052,Greek Civil War,None documented,1946-03-30,1949-10-16,1296,3.55,False,Ended,False,Greece,1,Europe,Athens,37.98,23.73,"Greek government (+ UK, US support)","Democratic Army of Greece (Communist, + Yugoslav/Soviet-bloc support)","Greek government (+ UK, US support)|Democratic Army of Greece (Communist, + Yugoslav/Soviet-bloc support)",Political struggle over post-WWII governance between royalists and communists,Civil war,45000,50000,30000,50000,80000,158000,100000,Single broadly-agreed figure in cited sources; no material dispute to note,-1,False,-1,False,-1,-1,False,Not systematically estimated,Not systematically documented,None (government military victory),Not Applicable,False,Government victory; Greece aligned with the Western bloc,Low,SRC002|SRC005,2026-07-07
CNF-0053,Gulf War,First Gulf War|Operation Desert Storm,1990-08-02,1991-02-28,210,0.57,False,Ended,False,Iraq|Kuwait|United States|Saudi Arabia,4,Middle East,Kuwait City|Baghdad,29.38,47.98,Iraq,UN-authorized coalition (led by US),Iraq|UN-authorized coalition (led by US),Iraqi invasion and annexation of Kuwait,Interstate war,20000,35000,2500,3500,22500,38500,30000,Single broadly-agreed figure in cited sources; no material dispute to note,-1,False,-1,False,-1,-1,False,Not systematically estimated,Not systematically documented,UN Security Council Resolution 687 (1991),Not Applicable,False,Coalition victory; Iraqi withdrawal from Kuwait,High,SRC001|SRC005,2026-07-07
CNF-0054,Slovenian War of Independence,Ten-Day War,1991-06-27,1991-07-07,10,0.03,False,Ended,False,Slovenia|Yugoslavia,2,Europe,Ljubljana,46.06,14.51,Not delineated into two sides (see military_alliances_raw),Not delineated into two sides (see military_alliances_raw),Not documented as a formal two-sided alliance structure,Slovenian declaration of independence from Yugoslavia,War of independence,60,76,9,12,69,88,76,Single broadly-agreed figure in cited sources; no material dispute to note,-1,False,-1,False,-1,-1,False,Not systematically estimated,Not systematically documented,Brioni Agreement (1991),Not Applicable,False,Slovenian independence recognized,High,SRC004|SRC005,2026-07-07
CNF-0055,Croatian War of Independence,None documented,1991-03-31,1995-11-12,1687,4.62,False,Ended,False,Croatia|Yugoslavia|Bosnia and Herzegovina,3,Europe,Vukovar|Dubrovnik,45.35,18.98,Croatia,Yugoslav People's Army + Serb paramilitaries,Croatia|Yugoslav People's Army + Serb paramilitaries,Croatian declaration of independence; Serb minority resistance backed by Belgrade,War of independence,10000,15000,6000,8000,17000,20000,20000,Single broadly-agreed figure in cited sources; no material dispute to note,300000,True,250000,True,-1,-1,False,Not systematically estimated,Not systematically documented,Erdut Agreement (1995); Dayton Accords context,Not Applicable,False,Croatian victory; independence consolidated,Medium,SRC003|SRC004|SRC012,2026-07-07
CNF-0056,Bosnian War,None documented,1992-04-06,1995-12-14,1347,3.69,False,Ended,False,Bosnia and Herzegovina|Serbia|Croatia,3,Europe,Sarajevo|Srebrenica,43.86,18.41,Bosniak-led government (+ later Croat federation),Republika Srpska (+ Serbia); Croatian Republic of Herzeg-Bosnia,Bosniak-led government (+ later Croat federation)|Republika Srpska (+ Serbia); Croatian Republic of Herzeg-Bosnia,Breakup of Yugoslavia; ethnic-nationalist territorial claims,Civil war (with foreign intervention),55000,60000,38000,40000,97000,100000,100000,"Includes the Srebrenica genocide (1995, ~8,000 deaths, ICTY-recognized)",1200000,True,1300000,True,-1,-1,False,Not systematically estimated,Not systematically documented,Dayton Peace Agreement (1995),Not Applicable,False,Negotiated peace; Bosnia divided into two entities,High,SRC003|SRC004|SRC041,2026-07-07
CNF-0057,Kosovo War,None documented,1998-02-28,1999-06-11,468,1.28,False,Ended,False,Kosovo|Serbia,2,Europe,Pristina,42.66,21.17,Kosovo Liberation Army (+ later NATO),Federal Republic of Yugoslavia (Serbia),Kosovo Liberation Army (+ later NATO)|Federal Republic of Yugoslavia (Serbia),Kosovar Albanian independence movement and Serbian crackdown,Civil war (with NATO intervention),3000,3500,10000,13500,13000,13500,13500,Single broadly-agreed figure in cited sources; no material dispute to note,850000,True,590000,True,-1,-1,False,Not systematically estimated,Not systematically documented,Kumanovo Agreement (1999),Not Applicable,False,Serbian withdrawal; UN administration of Kosovo; unilateral independence declared 2008,High,SRC003|SRC004|SRC041,2026-07-07
CNF-0058,Rwandan Genocide,Rwandan Civil War (1994 phase),1994-04-07,1994-07-15,99,0.27,False,Ended,False,Rwanda,1,Africa,Kigali,-1.94,30.06,Hutu-led government/militias (Interahamwe),Rwandan Patriotic Front (Tutsi-led),Hutu-led government/militias (Interahamwe)|Rwandan Patriotic Front (Tutsi-led),Assassination of President Habyarimana; ethnic Hutu-Tutsi tensions rooted in colonial-era policy,Genocide / civil war,10000,20000,500000,800000,500000,800000,800000,Single broadly-agreed figure in cited sources; no material dispute to note,2000000,True,1500000,True,-1,-1,False,Not systematically estimated,Not systematically documented,None (RPF military victory ended the genocide),Not Applicable,False,RPF takes power; genocide recognized by UN Commission of Inquiry,High,SRC003|SRC041|SRC012,2026-07-07
CNF-0059,First Congo War,None documented,1996-10-24,1997-05-16,204,0.56,False,Ended,False,Democratic Republic of Congo|Rwanda|Uganda,3,Africa,Kinshasa,-4.32,15.32,Zaire (Mobutu government),"AFDL rebels (+ Rwanda, Uganda backing)","Zaire (Mobutu government)|AFDL rebels (+ Rwanda, Uganda backing)",Regional spillover from the Rwandan genocide; opposition to the Mobutu regime,Civil war (with foreign intervention),10000,50000,200000,250000,210000,300000,250000,Single broadly-agreed figure in cited sources; no material dispute to note,300000,True,-1,False,-1,-1,False,Not systematically estimated,Not systematically documented,None (rebel military victory),Not Applicable,False,Overthrow of Mobutu; Laurent-Desire Kabila installed as president,Low,SRC002|SRC003,2026-07-07
CNF-0060,Second Congo War,Great African War|Africa's World War,1998-08-02,2003-07-18,1811,4.96,False,Ended,False,Democratic Republic of Congo|Rwanda|Uganda|Zimbabwe|Angola|Namibia,6,Africa,Kinshasa|Kisangani|Goma,-2.5,25.0,"DRC government (+ Zimbabwe, Angola, Namibia)",Rwandan/Ugandan-backed rebel factions,"DRC government (+ Zimbabwe, Angola, Namibia)|Rwandan/Ugandan-backed rebel factions",Regional power struggle over territory and resources following the First Congo War,Civil war (with major foreign intervention),350000,1000000,3000000,5000000,3400000,5400000,5400000,The ~5.4M figure (IRC mortality surveys) includes excess deaths from disease/malnutrition attributable to conflict; widely cited but methodologically debated,500000,True,3400000,True,-1,-1,False,Not systematically estimated,Not systematically documented,Pretoria Accord (2002); Sun City Agreement (2003),Not Applicable,False,Transitional government formed; low-level conflict continued in the east,Medium,SRC002|SRC003|SRC012,2026-07-07
CNF-0061,First Chechen War,None documented,1994-12-11,1996-08-31,629,1.72,False,Ended,False,Russia|Chechnya,2,Caucasus,Grozny,43.32,45.7,Russian Federation,Chechen Republic of Ichkeria,Russian Federation|Chechen Republic of Ichkeria,Chechen declaration of independence from Russia,Civil war / insurgency,7500,14000,30000,100000,40000,100000,70000,Single broadly-agreed figure in cited sources; no material dispute to note,500000,True,500000,True,-1,-1,False,Not systematically estimated,Not systematically documented,Khasavyurt Accord (1996),Not Applicable,False,De facto Chechen independence pending Second Chechen War,Medium,SRC003|SRC012,2026-07-07
CNF-0062,Second Chechen War,None documented,1999-08-07,2009-04-16,3540,9.69,False,Ended,False,Russia|Chechnya,2,Caucasus,Grozny,43.32,45.7,Russian Federation,Chechen separatists / insurgents,Russian Federation|Chechen separatists / insurgents,Renewed conflict following Chechen incursions into Dagestan and Moscow apartment bombings,Civil war / insurgency,15000,25000,25000,50000,40000,75000,55000,Single broadly-agreed figure in cited sources; no material dispute to note,-1,False,300000,True,-1,-1,False,Not systematically estimated,Not systematically documented,Formal end of counter-terrorism operation declared (2009),Not Applicable,False,Russian federal control restored; installation of a pro-Moscow Chechen government,Medium,SRC003|SRC012,2026-07-07
CNF-0063,First Nagorno-Karabakh War,None documented,1988-02-20,1994-05-12,2273,6.22,False,Ended,False,Armenia|Azerbaijan,2,Caucasus,Stepanakert,39.82,46.75,Armenia + Nagorno-Karabakh Republic,Azerbaijan,Armenia + Nagorno-Karabakh Republic|Azerbaijan,Ethnic Armenian enclave's bid to secede from Azerbaijan,Interstate/ethnic war,25000,30000,5000,10000,30000,30000,30000,Single broadly-agreed figure in cited sources; no material dispute to note,800000,True,600000,True,-1,-1,False,Not systematically estimated,Not systematically documented,Bishkek Protocol (1994 ceasefire),1994-05-12,True,Armenian-backed forces control Nagorno-Karabakh pending later wars,Medium,SRC003|SRC012,2026-07-07
CNF-0064,Sierra Leone Civil War,None documented,1991-03-23,2002-01-18,3954,10.83,False,Ended,False,Sierra Leone|Liberia,2,Africa,Freetown,8.48,-13.23,"Sierra Leone government (+ later ECOMOG, UK)",Revolutionary United Front (RUF),"Sierra Leone government (+ later ECOMOG, UK)|Revolutionary United Front (RUF)",Rebellion exploiting weak governance and control over diamond resources,Civil war (with foreign intervention),20000,50000,20000,50000,50000,70000,70000,Single broadly-agreed figure in cited sources; no material dispute to note,500000,True,2000000,True,-1,-1,False,Not systematically estimated,Not systematically documented,Lome Peace Accord (1999); Abuja ceasefire (2001),Not Applicable,False,UN/UK-backed government victory; RUF disarmed,Medium,SRC002|SRC003|SRC012,2026-07-07
CNF-0065,First Liberian Civil War,None documented,1989-12-24,1997-08-02,2778,7.61,False,Ended,False,Liberia,1,Africa,Monrovia,6.3,-10.8,Liberian government,National Patriotic Front of Liberia (NPFL) and other factions,Liberian government|National Patriotic Front of Liberia (NPFL) and other factions,Rebellion against the Samuel Doe government amid ethnic and political grievances,Civil war,20000,60000,150000,200000,170000,250000,200000,Single broadly-agreed figure in cited sources; no material dispute to note,700000,True,1000000,True,-1,-1,False,Not systematically estimated,Not systematically documented,Abuja Accords (1996),Not Applicable,False,Charles Taylor elected president (1997),Low,SRC002|SRC003,2026-07-07
CNF-0066,Second Liberian Civil War,None documented,1999-04-01,2003-08-18,1600,4.38,False,Ended,False,Liberia,1,Africa,Monrovia,6.3,-10.8,Charles Taylor government,LURD and MODEL rebel factions,Charles Taylor government|LURD and MODEL rebel factions,Insurgency against the Taylor government,Civil war,10000,20000,40000,50000,50000,70000,50000,Single broadly-agreed figure in cited sources; no material dispute to note,350000,True,500000,True,-1,-1,False,Not systematically estimated,Not systematically documented,Accra Comprehensive Peace Agreement (2003),Not Applicable,False,Charles Taylor exiled; transitional government installed,Low,SRC002|SRC003,2026-07-07
CNF-0067,Somali Civil War,None documented,1991-01-26,ONGOING,12946,35.44,True,Ongoing,True,Somalia,1,Africa,Mogadishu,2.04,45.34,"Transitional/Federal Government (+ AU AMISOM/ATMIS, US)",Al-Shabaab and various clan militias,"Transitional/Federal Government (+ AU AMISOM/ATMIS, US)|Al-Shabaab and various clan militias",Collapse of the Siad Barre regime; clan-based power struggles; later Islamist insurgency,Civil war / insurgency (ongoing),100000,150000,350000,500000,450000,650000,500000,Cumulative toll across >30 years of intermittent fighting; UN/ACLED tracking is incomplete for the early 1990s famine-conflict overlap,900000,True,3800000,True,-1,-1,False,Not systematically estimated,Not systematically documented,No comprehensive peace agreement; periodic local ceasefires,Not Applicable,False,Unresolved; Al-Shabaab controls parts of southern/central Somalia as of 2026,Low,SRC003|SRC009|SRC012,2026-07-07
CNF-0068,Georgian Civil War / South Ossetia War (1991-92),None documented,1991-01-05,1992-06-24,536,1.47,False,Ended,False,Georgia,1,Caucasus,Tskhinvali|Tbilisi,42.22,43.97,Georgian government,South Ossetian separatists (+ Russian support),Georgian government|South Ossetian separatists (+ Russian support),South Ossetian bid for independence following the collapse of the USSR,Civil war,1000,2000,1000,2000,2000,4000,3000,Single broadly-agreed figure in cited sources; no material dispute to note,100000,True,-1,False,-1,-1,False,Not systematically estimated,Not systematically documented,Sochi Agreement (1992),Not Applicable,False,Ceasefire; South Ossetia de facto independent,Low,SRC003|SRC012,2026-07-07
CNF-0069,War in Abkhazia,None documented,1992-08-14,1993-09-27,409,1.12,False,Ended,False,Georgia,1,Caucasus,Sukhumi,43.0,41.02,Georgian government,Abkhaz separatists (+ Russian/North Caucasian volunteer support),Georgian government|Abkhaz separatists (+ Russian/North Caucasian volunteer support),Abkhaz bid for independence from Georgia,Civil war,8000,10000,2000,4000,10000,14000,10000,Single broadly-agreed figure in cited sources; no material dispute to note,250000,True,250000,True,-1,-1,False,Not systematically estimated,Not systematically documented,Moscow Agreement (1994 ceasefire),Not Applicable,False,Abkhaz separatist victory; de facto independence,Low,SRC003|SRC012,2026-07-07
CNF-0070,Transnistria War,None documented,1992-03-02,1992-07-21,141,0.39,False,Ended,False,Moldova,1,Europe,Tighina (Bender),46.83,29.46,Moldova,Transnistrian separatists (+ Russian 14th Army support),Moldova|Transnistrian separatists (+ Russian 14th Army support),Transnistrian region's bid to secede from newly independent Moldova,Civil war,1000,1500,300,500,1300,2000,1500,Single broadly-agreed figure in cited sources; no material dispute to note,80000,True,-1,False,-1,-1,False,Not systematically estimated,Not systematically documented,Moscow Agreement / ceasefire (1992),Not Applicable,False,Ceasefire; Transnistria remains an unrecognized breakaway state,Low,SRC003|SRC012,2026-07-07
CNF-0071,Tajikistani Civil War,None documented,1992-05-05,1997-06-27,1879,5.14,False,Ended,False,Tajikistan,1,Central Asia,Dushanbe,38.56,68.79,Government of Tajikistan (+ Russian/CIS support),United Tajik Opposition,Government of Tajikistan (+ Russian/CIS support)|United Tajik Opposition,Post-Soviet power struggle among regional and ideological factions,Civil war,20000,40000,60000,100000,60000,150000,100000,Single broadly-agreed figure in cited sources; no material dispute to note,60000,True,600000,True,-1,-1,False,Not systematically estimated,Not systematically documented,General Agreement on the Establishment of Peace (1997),Not Applicable,False,Power-sharing government established,Low,SRC003|SRC012,2026-07-07
CNF-0072,Kargil War,None documented,1999-05-03,1999-07-26,84,0.23,False,Ended,False,India|Pakistan,2,South Asia,Kargil,34.56,76.13,Not delineated into two sides (see military_alliances_raw),Not delineated into two sides (see military_alliances_raw),Not documented as a formal two-sided alliance structure,Pakistani infiltration across the Line of Control in Kashmir,Interstate war,1000,1700,0,50,1000,1750,1300,Single broadly-agreed figure in cited sources; no material dispute to note,-1,False,-1,False,-1,-1,False,Not systematically estimated,Not systematically documented,Withdrawal following US diplomatic pressure,Not Applicable,False,Indian recapture of infiltrated positions; Pakistani withdrawal,High,SRC001|SRC005,2026-07-07
CNF-0073,Eritrean-Ethiopian War,None documented,1998-05-06,2000-06-18,774,2.12,False,Ended,False,Eritrea|Ethiopia,2,Africa,Badme,14.45,37.98,Not delineated into two sides (see military_alliances_raw),Not delineated into two sides (see military_alliances_raw),Not documented as a formal two-sided alliance structure,Border dispute over the town of Badme and demarcation ambiguities,Interstate war,70000,100000,1000,5000,71000,105000,100000,Single broadly-agreed figure in cited sources; no material dispute to note,95000,True,650000,True,-1,-1,False,Not systematically estimated,Not systematically documented,Algiers Agreement (2000),Not Applicable,False,UN-supervised boundary commission; tense peace until 2018 normalization,Medium,SRC001|SRC003,2026-07-07
CNF-0074,Second Sudanese Civil War,None documented,1983-06-05,2005-01-09,7889,21.6,False,Ended,False,Sudan,1,Africa,Juba,4.85,31.58,Sudanese government,Sudan People's Liberation Army/Movement (SPLA/M),Sudanese government|Sudan People's Liberation Army/Movement (SPLA/M),Southern Sudanese autonomy grievances; imposition of sharia law nationally,Civil war,400000,500000,1500000,1900000,1900000,2500000,2000000,Single broadly-agreed figure in cited sources; no material dispute to note,500000,True,4000000,True,-1,-1,False,Not systematically estimated,Not systematically documented,Comprehensive Peace Agreement (2005),Not Applicable,False,Path to South Sudanese independence (achieved 2011),Medium,SRC002|SRC003|SRC012,2026-07-07
CNF-0075,Darfur War,Darfur Genocide,2003-02-26,2020-08-31,6396,17.51,False,Ended (low-level violence continued),False,Sudan,1,Africa,El Fasher|Nyala,13.63,25.35,Sudanese government (+ Janjaweed militia),"Sudan Liberation Movement, Justice and Equality Movement","Sudanese government (+ Janjaweed militia)|Sudan Liberation Movement, Justice and Equality Movement",Rebellion by non-Arab groups over marginalization; government-backed militia counter-insurgency,Civil war / genocide,10000,50000,200000,300000,200000,400000,300000,"ICC classified the campaign as genocide/crimes against humanity; deaths from violence, disease and displacement combined",250000,True,2000000,True,-1,-1,False,Not systematically estimated,Not systematically documented,Doha Document for Peace in Darfur (2011); Juba Peace Agreement (2020),Not Applicable,False,Formal peace agreements signed; recurring violence resumed within the 2023 Sudanese civil war,Medium,SRC003|SRC041|SRC012,2026-07-07
CNF-0076,Afghan Civil War (1989-2001),Afghan Civil War / Taliban era,1989-02-15,2001-12-17,4688,12.84,False,Ended,False,Afghanistan,1,South Asia,Kabul|Kandahar,34.53,69.17,Various mujahideen factions / Northern Alliance,Taliban (from 1994),Various mujahideen factions / Northern Alliance|Taliban (from 1994),Power vacuum following Soviet withdrawal; factional and ethnic rivalries,Civil war,100000,150000,150000,250000,250000,400000,300000,Single broadly-agreed figure in cited sources; no material dispute to note,4000000,True,1000000,True,-1,-1,False,Not systematically estimated,Not systematically documented,"None (ended by US-led invasion, Operation Enduring Freedom, 2001)",Not Applicable,False,Taliban regime toppled by US-led coalition following 9/11,Low,SRC003|SRC012,2026-07-07
CNF-0077,First Ivorian Civil War,None documented,2002-09-19,2007-03-04,1627,4.45,False,Ended,False,Ivory Coast,1,Africa,Abidjan|Bouake,5.36,-4.01,Ivorian government,Forces Nouvelles (northern rebels),Ivorian government|Forces Nouvelles (northern rebels),North-south political and ethnic tensions over citizenship and land rights,Civil war,1000,3000,2000,4000,3000,7000,5000,Single broadly-agreed figure in cited sources; no material dispute to note,750000,True,750000,True,-1,-1,False,Not systematically estimated,Not systematically documented,Ouagadougou Political Agreement (2007),Not Applicable,False,Power-sharing government formed,Low,SRC003|SRC012,2026-07-07
CNF-0078,War in Afghanistan (2001-2021),Operation Enduring Freedom,2001-10-07,2021-08-30,7267,19.9,False,Ended,False,Afghanistan|United States|United Kingdom,3,South Asia,Kabul|Kandahar|Tora Bora,34.53,69.17,Afghan government + NATO/ISAF (US-led),Taliban + Al-Qaeda,Afghan government + NATO/ISAF (US-led)|Taliban + Al-Qaeda,"US-led invasion following the September 11, 2001 attacks; Taliban's harboring of Al-Qaeda",Interstate war / counter-insurgency,70000,75000,46000,50000,176000,212000,176000,"Brown University Costs of War project totals include Afghan military/police, Taliban, and civilian deaths across the full 20-year period",2600000,True,3500000,True,-1,-1,False,Not systematically estimated,Not systematically documented,"Doha Agreement (2020, US-Taliban); no government-Taliban peace treaty",Not Applicable,False,Taliban retakes power as US/NATO forces withdraw (Aug 2021),Medium,SRC003|SRC004|SRC012,2026-07-07
CNF-0079,Iraq War,Operation Iraqi Freedom|Second Gulf War,2003-03-20,2011-12-18,3195,8.75,False,Ended,False,Iraq|United States|United Kingdom,3,Middle East,Baghdad|Fallujah|Mosul,33.31,44.36,US-led coalition,Iraqi government forces (deposed 2003) then insurgent/sectarian militias,US-led coalition|Iraqi government forces (deposed 2003) then insurgent/sectarian militias,US-led invasion citing alleged weapons of mass destruction and regime change,Interstate war / civil war / insurgency,15000,20000,150000,210000,165000,230000,190000,"Iraq Body Count documented civilian deaths (~210,000); broader academic surveys (e.g., Lancet 2006) suggested substantially higher, contested totals",1700000,True,1800000,True,-1,-1,False,Not systematically estimated,Not systematically documented,US-Iraq Status of Forces Agreement (2008); US withdrawal completed 2011,Not Applicable,False,Saddam Hussein regime toppled; prolonged insurgency and sectarian civil conflict followed,Medium,SRC003|SRC004|SRC012,2026-07-07
CNF-0080,War in North-West Pakistan,Waziristan War,2004-03-16,2017-03-22,4754,13.02,False,Ended (residual insurgency),False,Pakistan,1,South Asia,Peshawar|Waziristan,32.9,70.1,Pakistani military,Tehrik-i-Taliban Pakistan (TTP) and allied militants,Pakistani military|Tehrik-i-Taliban Pakistan (TTP) and allied militants,Militant sanctuaries in the tribal areas following the Afghan War spillover,Insurgency / counter-insurgency,6000,8000,20000,35000,26000,43000,35000,Single broadly-agreed figure in cited sources; no material dispute to note,-1,False,2000000,True,-1,-1,False,Not systematically estimated,Not systematically documented,Operation Zarb-e-Azb / Radd-ul-Fasaad declared largely successful (2017),Not Applicable,False,Militant strongholds cleared; low-level TTP insurgency continues,Low,SRC003|SRC009,2026-07-07
CNF-0081,Mexican Drug War,None documented,2006-12-11,ONGOING,7148,19.57,True,Ongoing,True,Mexico,1,North America,Ciudad Juarez|Culiacan|Tijuana,23.63,-102.55,Mexican government,"Sinaloa Cartel, Jalisco New Generation Cartel and other DTOs","Mexican government|Sinaloa Cartel, Jalisco New Generation Cartel and other DTOs",Government crackdown on drug trafficking organizations; cartel turf wars,Non-international armed conflict / organized crime violence,5000,10000,350000,450000,360000,460000,400000,Classification as an 'armed conflict' vs. organized crime is debated in the literature; included here per UCDP non-state violence tracking,-1,False,380000,True,-1,-1,False,Not systematically estimated,Not systematically documented,No peace process; ongoing,Not Applicable,False,Unresolved; cartel fragmentation continues,Low,SRC003|SRC009,2026-07-07
CNF-0082,Russo-Georgian War,2008 South Ossetia War,2008-08-07,2008-08-16,9,0.02,False,Ended,False,Georgia|Russia,2,Caucasus,Tskhinvali|Gori,42.22,43.97,Georgia,Russia + South Ossetian and Abkhaz separatists,Georgia|Russia + South Ossetian and Abkhaz separatists,Georgian military action in South Ossetia met with Russian intervention,Interstate war,400,450,200,400,600,850,750,Single broadly-agreed figure in cited sources; no material dispute to note,-1,False,192000,True,-1,-1,False,Not systematically estimated,Not systematically documented,Sarkozy-brokered ceasefire (2008),Not Applicable,False,Russian recognition of South Ossetian/Abkhaz independence; Georgian territory remains divided,High,SRC001|SRC003,2026-07-07
CNF-0083,First Libyan Civil War,2011 Libyan Revolution,2011-02-15,2011-10-23,250,0.68,False,Ended,False,Libya,1,North Africa,Tripoli|Benghazi|Sirte,32.89,13.19,National Transitional Council (+ NATO air support),Gaddafi government forces,National Transitional Council (+ NATO air support)|Gaddafi government forces,Arab Spring uprising against the Gaddafi regime,Civil war (with NATO intervention),5000,10000,2500,10000,10000,30000,25000,Single broadly-agreed figure in cited sources; no material dispute to note,1000000,True,550000,True,-1,-1,False,Not systematically estimated,Not systematically documented,None (rebel military victory),Not Applicable,False,Gaddafi killed; regime collapse; power vacuum leads to further civil war,Medium,SRC003|SRC004,2026-07-07
CNF-0084,Second Ivorian Civil War,None documented,2010-11-28,2011-05-11,164,0.45,False,Ended,False,Ivory Coast,1,Africa,Abidjan,5.36,-4.01,Alassane Ouattara forces (+ UN/French backing),Laurent Gbagbo loyalists,Alassane Ouattara forces (+ UN/French backing)|Laurent Gbagbo loyalists,Disputed 2010 presidential election results,Civil war,1000,1500,2000,3000,3000,3500,3000,Single broadly-agreed figure in cited sources; no material dispute to note,-1,False,500000,True,-1,-1,False,Not systematically estimated,Not systematically documented,None (Ouattara's forces captured Gbagbo),Not Applicable,False,Ouattara installed as president,Medium,SRC003|SRC012,2026-07-07
CNF-0085,Syrian Civil War,None documented,2011-03-15,2024-12-08,5017,13.74,False,Ended,False,Syria|Russia|Iran|Turkey|United States,5,Middle East,Damascus|Aleppo|Raqqa|Homs,34.8,38.99,"Syrian government (+ Russia, Iran, Hezbollah)",Syrian opposition/HTS (+ Turkey); SDF (+ US-led coalition); ISIS (separate actor),"Syrian government (+ Russia, Iran, Hezbollah)|Syrian opposition/HTS (+ Turkey); SDF (+ US-led coalition); ISIS (separate actor)","Arab Spring protests met with violent government crackdown, escalating into multi-sided civil war","Civil war (multi-party, with major foreign intervention)",100000,120000,230000,350000,580000,580000,580000,"UN Human Rights Council Commission of Inquiry cites approximately 580,000 killed as of 2024; breakdowns by combatant/civilian status are incomplete",6000000,True,7400000,True,-1,-1,False,Not systematically estimated,Not systematically documented,No negotiated settlement - ended via HTS-led rebel offensive and regime collapse,Not Applicable,False,"Fall of the Assad government (Dec 8, 2024); transitional government under Ahmed al-Sharaa; sporadic sectarian violence continues into 2026",High,SRC017|SRC034|SRC035|SRC036|SRC037,2026-07-07
CNF-0086,Yemeni Civil War,None documented,2014-09-16,ONGOING,4312,11.81,True,Ongoing,True,Yemen|Saudi Arabia|United Arab Emirates|Iran,4,Middle East,Sanaa|Aden|Hodeidah,15.35,44.21,Yemeni government (+ Saudi-led coalition),Houthi movement (+ Iranian support); Southern Transitional Council (separate actor),Yemeni government (+ Saudi-led coalition)|Houthi movement (+ Iranian support); Southern Transitional Council (separate actor),Houthi takeover of Sanaa amid post-Arab Spring political transition failures,Civil war (with major foreign intervention),50000,100000,150000,190000,233000,377000,377000,"UNDP/UN OCHA figures include indirect deaths from the humanitarian crisis (famine, lack of healthcare) alongside direct combat deaths",70000,True,4500000,True,-1,-1,False,Not systematically estimated,Not systematically documented,UN-mediated truce (April 2022) lapsed; no comprehensive peace deal; low-intensity conflict and Houthi Red Sea attacks continued into 2026,Not Applicable,False,Unresolved; de facto partition between Houthi-controlled north and internationally recognized government-controlled south,Medium,SRC003|SRC006|SRC009,2026-07-07
CNF-0087,Second Libyan Civil War,None documented,2014-05-16,2020-10-23,2352,6.44,False,Ended (fragile ceasefire),False,Libya,1,North Africa,Tripoli|Benghazi,32.89,13.19,Government of National Accord/Unity (+ Turkey),"Libyan National Army under Khalifa Haftar (+ Russia, UAE, Egypt)","Government of National Accord/Unity (+ Turkey)|Libyan National Army under Khalifa Haftar (+ Russia, UAE, Egypt)",Political fragmentation and rival governments following the 2011 revolution,Civil war (with foreign intervention),15000,20000,5000,10000,20000,30000,25000,Single broadly-agreed figure in cited sources; no material dispute to note,-1,False,430000,True,-1,-1,False,Not systematically estimated,Not systematically documented,Permanent ceasefire agreement (Oct 2020),2020-10-23,True,Ceasefire largely held; Libya remains politically divided between rival administrations,Medium,SRC003|SRC004,2026-07-07
CNF-0088,Boko Haram Insurgency,None documented,2009-07-26,ONGOING,6190,16.95,True,Ongoing,True,Nigeria|Cameroon|Chad|Niger,4,Africa,Maiduguri|Lake Chad basin,11.85,13.15,"Multinational Joint Task Force (Nigeria, Chad, Niger, Cameroon, Benin)",Boko Haram / Islamic State West Africa Province,"Multinational Joint Task Force (Nigeria, Chad, Niger, Cameroon, Benin)|Boko Haram / Islamic State West Africa Province",Islamist insurgency opposing Western-style education and secular government,Insurgency / terrorism,10000,15000,350000,400000,350000,400000,400000,Includes famine/disease deaths attributable to conflict-driven displacement (UNDP estimate),300000,True,2900000,True,-1,-1,False,Not systematically estimated,Not systematically documented,No comprehensive peace agreement; periodic local surrenders/amnesties,Not Applicable,False,Unresolved; insurgency continues at reduced intensity into 2026,Medium,SRC003|SRC009,2026-07-07
CNF-0089,War in Donbas,Donbas conflict (2014-2022 phase),2014-04-06,2022-02-24,2881,7.89,False,Ended (absorbed into full-scale invasion),False,Ukraine|Russia,2,Eastern Europe,Donetsk|Luhansk,48.02,37.8,Ukraine,Donetsk/Luhansk separatists (+ Russian military backing),Ukraine|Donetsk/Luhansk separatists (+ Russian military backing),Pro-Russian separatist uprising following the 2014 Ukrainian revolution and Russian annexation of Crimea,Civil war (with foreign intervention),8000,9000,3000,3500,13000,14000,14000,Single broadly-agreed figure in cited sources; no material dispute to note,-1,False,1500000,True,-1,-1,False,Not systematically estimated,Not systematically documented,Minsk Protocol (2014) and Minsk II (2015) - both ultimately failed,Not Applicable,False,Frozen conflict escalating directly into the 2022 full-scale Russian invasion,Medium,SRC003|SRC023,2026-07-07
CNF-0090,Second Nagorno-Karabakh War,44-Day War,2020-09-27,2020-11-10,44,0.12,False,Ended,False,Armenia|Azerbaijan,2,Caucasus,Stepanakert|Shusha,39.82,46.75,Armenia + Nagorno-Karabakh Republic (+ some Russian equipment),"Azerbaijan (+ Turkish military support, Syrian mercenaries)","Armenia + Nagorno-Karabakh Republic (+ some Russian equipment)|Azerbaijan (+ Turkish military support, Syrian mercenaries)",Renewed Azerbaijani offensive to reclaim territory lost in the first war,Interstate war,6500,7000,170,200,6700,7200,7000,Single broadly-agreed figure in cited sources; no material dispute to note,90000,True,-1,False,-1,-1,False,Not systematically estimated,Not systematically documented,"Russian-brokered trilateral ceasefire (Nov 10, 2020)",2020-11-10,True,Azerbaijan recaptures significant territory; Russian peacekeepers deployed,High,SRC003|SRC012,2026-07-07
CNF-0091,Tigray War,None documented,2020-11-04,2022-11-02,728,1.99,False,Ended,False,Ethiopia|Eritrea,2,Africa,Mekelle,13.5,39.47,"Ethiopian federal government (+ Eritrea, Amhara militia)",Tigray People's Liberation Front (TPLF),"Ethiopian federal government (+ Eritrea, Amhara militia)|Tigray People's Liberation Front (TPLF)",Breakdown in relations between the federal government and the TPLF-led Tigray regional government,Civil war (with foreign intervention),100000,200000,162000,600000,385000,600000,600000,"A widely cited academic estimate (Ghent University researchers) put total excess deaths (combat, famine, denied healthcare) at up to 600,000; disputed and difficult to verify independently",65000,True,2000000,True,-1,-1,False,Not systematically estimated,Not systematically documented,"Pretoria Agreement (Nov 2, 2022)",Not Applicable,False,Ceasefire; TPLF disarmament; contested internal TPLF political split continued into 2025-2026,Low,SRC003|SRC041,2026-07-07
CNF-0092,Russo-Ukrainian War (full-scale invasion),Russian invasion of Ukraine,2022-02-24,ONGOING,1594,4.36,True,Ongoing,True,Ukraine|Russia|Belarus,3,Eastern Europe,Kyiv|Kharkiv|Mariupol|Bakhmut,49.0,32.0,Ukraine (+ NATO/Western material support),"Russia (+ Belarus staging, North Korean troops, Iranian drones)","Ukraine (+ NATO/Western material support)|Russia (+ Belarus staging, North Korean troops, Iranian drones)",Russian rejection of Ukrainian sovereignty and NATO aspirations; culmination of the Donbas conflict and Crimea annexation,Interstate war (ongoing),250000,400000,13000,45000,263000,445000,350000,"No independently audited combined total exists; combatant death estimates vary hugely by source (Ukrainian, Russian, and Western intelligence figures diverge by a factor of 2-3x); reported here as broad bounding range as of mid-2026",6800000,True,3700000,True,-1,-1,False,Not systematically estimated,Not systematically documented,"No ceasefire or peace agreement as of July 2026; multiple failed negotiation rounds (Istanbul 2022, ongoing US-mediated talks in 2026)",Not Applicable,False,"Unresolved; active front-line fighting continues (~1,200 km front) as of July 2026; territorial control contested in Donetsk, Luhansk, Zaporizhzhia, Kherson",Low,SRC023|SRC024|SRC025,2026-07-07
CNF-0093,Second Sudanese Civil War (2023-),Sudanese Civil War|SAF-RSF War,2023-04-15,ONGOING,1179,3.23,True,Ongoing,True,Sudan|United Arab Emirates|Chad,3,Africa,Khartoum|El Fasher|El Obeid,15.5,32.56,"Sudanese Armed Forces (SAF) (+ Egypt, Saudi Arabia backing)",Rapid Support Forces (RSF) (+ alleged UAE backing),"Sudanese Armed Forces (SAF) (+ Egypt, Saudi Arabia backing)|Rapid Support Forces (RSF) (+ alleged UAE backing)",Power struggle between army chief Abdel Fattah al-Burhan and RSF commander Mohamed Hamdan Dagalo ('Hemedti') over integration of the RSF into the national army,Civil war (with foreign backing),20000,40000,41000,150000,61000,150000,150000,"US Senate testimony (May 2024) suggested real toll could be 10-15x the ~15,000-30,000 then-confirmed, implying up to ~150,000-plus; ACLED recorded 17,044 fatalities as of May 2024 using stricter verification criteria",4000000,True,10000000,True,-1,-1,False,Not systematically estimated,Not systematically documented,No comprehensive ceasefire; SAF recaptured Khartoum (March 2025) and returned the seat of government there (Jan 2026); fighting continues in Darfur and Kordofan as of mid-2026,Not Applicable,False,"Unresolved; RSF controls most of Darfur, SAF controls Khartoum and central/eastern Sudan; described by the UN as the world's largest displacement crisis",Low,SRC031|SRC032|SRC033,2026-07-07
CNF-0094,Gaza War,Israel-Hamas War,2023-10-07,ONGOING,1004,2.75,True,Ongoing (fragile ceasefire since Oct 2025),True,Israel|Palestine,2,Middle East,Gaza City|Khan Younis|Rafah,31.35,34.31,Israel (+ US material/diplomatic support),"Hamas, Palestinian Islamic Jihad and allied factions","Israel (+ US material/diplomatic support)|Hamas, Palestinian Islamic Jihad and allied factions","Hamas-led October 7, 2023 attack on Israel; subsequent large-scale Israeli military campaign in Gaza",Interstate/asymmetric war,1600,1600,60000,73000,74000,74000,74300,"Israeli side: 1,195 killed in the Oct 7, 2023 attack plus subsequent military losses (~400+); Palestinian side: Gaza Ministry of Health reported at least 73,074 confirmed deaths as of July 3, 2026 (Al Jazeera tracking); multiple Lancet-published studies argue the true figure is a significant undercount",-1,False,1900000,True,70000000000,70000000000,True,"Brookings Institution estimate for Gaza reconstruction costs (2026), described as having 'no modern comparison'",Not systematically documented,"Trump-brokered 'Comprehensive Plan to End the Gaza Conflict' - Phase 1 ceasefire took effect Oct 10, 2025; Phase 2 (full withdrawal, Hamas disarmament) stalled as of mid-2026",2025-10-10,True,"Fragile ceasefire in effect; Israel retains control of ~53-59% of Gaza territory behind the 'Yellow Line'; disarmament and governance disputes unresolved; over 1,000 Palestinians reported killed in ceasefire-period violations through mid-2026",Medium,SRC018|SRC019|SRC020|SRC021|SRC022,2026-07-07
CNF-0095,Israel-Hezbollah War (2023-2024),Israel-Lebanon conflict,2023-10-08,2024-11-27,416,1.14,False,Ended (ceasefire; sporadic violence continued),False,Israel|Lebanon,2,Middle East,Beirut|Southern Lebanon,33.5,35.5,Israel,Hezbollah (+ Iranian backing),Israel|Hezbollah (+ Iranian backing),"Hezbollah rocket fire in solidarity with Hamas following Oct 7, 2023; escalation into full Israeli ground/air campaign",Interstate war,4000,4000,3000,4000,4000,4000,4000,Single broadly-agreed figure in cited sources; no material dispute to note,-1,False,1200000,True,-1,-1,False,Not systematically estimated,Not systematically documented,"US/France-brokered ceasefire (Nov 27, 2024)",2024-11-27,True,Ceasefire; Hezbollah military infrastructure heavily degraded; Israeli forces retain positions in southern Lebanon into 2026 pending withdrawal,Medium,SRC018|SRC019,2026-07-07
CNF-0096,Twelve-Day War,Israel-Iran War (June 2025),2025-06-13,2025-06-24,11,0.03,False,Ended,False,Israel|Iran|United States,3,Middle East,Tehran|Natanz|Fordow|Tel Aviv,33.5,45.0,Israel (+ United States),Iran,Israel (+ United States)|Iran,Israeli strikes on Iranian nuclear and military infrastructure amid collapsed nuclear negotiations,Interstate war,30,41,600,1000,630,1041,900,Iranian HRANA/health ministry and Israeli casualty figures differ by source; Israel reported ~28 civilian deaths from Iranian missile strikes,-1,False,-1,False,-1,-1,False,Not systematically estimated,Not systematically documented,"US-brokered ceasefire (June 24, 2025)",2025-06-24,True,Ceasefire after 12 days; significant damage to Iranian nuclear/military infrastructure; Iranian currency crisis and 2025-2026 protests followed,Medium,SRC026|SRC027|SRC030,2026-07-07
CNF-0097,2026 Iran War,Second Israel-Iran War,2026-02-28,2026-06-28,120,0.33,False,Ended (memorandum signed; tensions continue),False,Iran|Israel|United States|Lebanon|Qatar|Bahrain|Kuwait|Saudi Arabia|United Arab Emirates|Oman,10,Middle East / Persian Gulf,Tehran|Tel Aviv|Doha,32.0,52.0,Israel + United States,Iran (+ Hezbollah in Lebanon front; regional strikes on Gulf states),Israel + United States|Iran (+ Hezbollah in Lebanon front; regional strikes on Gulf states),Renewed US-Israeli strikes targeting Iranian leadership and nuclear infrastructure after failed 2025-2026 nuclear negotiations,Interstate war,500,1000,1000,2500,1500,3500,2500,Casualty reporting fragmented across a nine-country strike area (Iran plus Gulf states hit by Iranian retaliation); no consolidated authoritative total available as of mid-2026,-1,False,-1,False,-1,-1,False,Oil price spike above $100/barrel reported (Brent crude) due to Strait of Hormuz restrictions; no consolidated economic-damage estimate available,Not systematically documented,"Memorandum of understanding signed by US and Iranian presidents (June 17, 2026); formal end within 60 days of signing",2026-06-28,True,"Iranian Supreme Leader Ali Khamenei killed in initial strikes (Feb 28, 2026); conflict spread to Lebanon (2026 Lebanon war) and Gulf states; Strait of Hormuz blockade and counter-blockade; ended via negotiated memorandum",Low,SRC028|SRC029,2026-07-07
CNF-0098,Myanmar Civil War,Myanmar post-coup conflict,2021-02-01,ONGOING,1982,5.43,True,Ongoing,True,Myanmar,1,Southeast Asia,Naypyidaw|Yangon|Mandalay,19.76,96.08,Myanmar military junta (Tatmadaw),"National Unity Government / People's Defence Forces + ethnic armed organizations (e.g., Three Brotherhood Alliance)","Myanmar military junta (Tatmadaw)|National Unity Government / People's Defence Forces + ethnic armed organizations (e.g., Three Brotherhood Alliance)",Military coup against the elected National League for Democracy government,Civil war,10000,20000,8000,15000,18000,35000,25000,Single broadly-agreed figure in cited sources; no material dispute to note,130000,True,3500000,True,-1,-1,False,Not systematically estimated,Not systematically documented,No comprehensive peace agreement; localized ceasefires only,Not Applicable,False,Unresolved; junta has lost significant territory to allied resistance forces as of early 2026,Low,SRC003|SRC009,2026-07-07
CNF-0099,Kivu Conflict / M23 Resurgence,DRC-M23 conflict (2022-),2022-03-01,ONGOING,1589,4.35,True,Ongoing (Doha peace process underway),True,Democratic Republic of Congo|Rwanda,2,Africa,Goma|Bukavu,-1.68,29.22,"DRC government (+ SADC/regional forces, MONUSCO)",M23 / Alliance Fleuve Congo (AFC) (+ alleged Rwandan military backing),"DRC government (+ SADC/regional forces, MONUSCO)|M23 / Alliance Fleuve Congo (AFC) (+ alleged Rwandan military backing)",Resurgence of the M23 rebel group amid unresolved grievances from earlier Congo wars and control over mineral resources,Civil war (with foreign backing),3000,7000,7000,10000,10000,17000,13000,Single broadly-agreed figure in cited sources; no material dispute to note,-1,False,7000000,True,-1,-1,False,Not systematically estimated,Not systematically documented,"Washington DRC-Rwanda peace agreement (June 27, 2025); Doha Declaration of Principles (July 19, 2025) and Doha Framework for a Comprehensive Peace Agreement (Nov 15, 2025) between DRC and M23",Not Applicable,False,M23 captured Goma and Bukavu (Jan-Feb 2025); peace framework signed but most of its 8 protocols remain unimplemented as of mid-2026; sporadic fighting continues,Low,SRC038|SRC039|SRC040,2026-07-07
CNF-0100,South Sudanese Civil War,None documented,2013-12-15,2020-02-22,2260,6.19,False,Ended (fragile unity government),False,South Sudan,1,Africa,Juba,4.85,31.58,Government forces loyal to President Salva Kiir,SPLM-IO loyal to former VP Riek Machar,Government forces loyal to President Salva Kiir|SPLM-IO loyal to former VP Riek Machar,Political and ethnic power struggle between Kiir (Dinka) and Machar (Nuer) factions,Civil war,50000,190000,190000,250000,190000,400000,380000,Single broadly-agreed figure in cited sources; no material dispute to note,2200000,True,1900000,True,-1,-1,False,Not systematically estimated,Not systematically documented,Revitalized Agreement on the Resolution of the Conflict (2018); unity government formed 2020,Not Applicable,False,Fragile unity government formed; sporadic violence and political tension persisted into 2026,Medium,SRC003|SRC041,2026-07-07
CNF-0101,Central African Republic Civil War,None documented,2012-12-10,ONGOING,4957,13.57,True,Ongoing (low intensity),True,Central African Republic,1,Africa,Bangui,4.39,18.56,"CAR government (+ UN MINUSCA, Rwandan and Russian/Wagner forces)",Seleka and Anti-balaka militias (+ successor coalitions),"CAR government (+ UN MINUSCA, Rwandan and Russian/Wagner forces)|Seleka and Anti-balaka militias (+ successor coalitions)","Seleka rebel coalition's overthrow of the government, followed by sectarian anti-balaka backlash",Civil war (with foreign intervention),5000,10000,10000,15000,15000,25000,20000,Single broadly-agreed figure in cited sources; no material dispute to note,750000,True,500000,True,-1,-1,False,Not systematically estimated,Not systematically documented,Khartoum Peace Agreement (2019); partial breakdown afterward,Not Applicable,False,Unresolved; government retains Bangui with foreign military support; large rural areas remain contested,Low,SRC003|SRC009,2026-07-07
CNF-0102,Mali War / Sahel Jihadist Insurgency,Northern Mali conflict,2012-01-16,ONGOING,5286,14.47,True,Ongoing,True,Mali|Burkina Faso|Niger,3,Africa (Sahel),Timbuktu|Gao,16.77,-3.01,"Malian government (+ formerly France/Operation Barkhane, later Russian Africa Corps/Wagner)","Tuareg separatists (MNLA) and jihadist groups (JNIM, ISGS)","Malian government (+ formerly France/Operation Barkhane, later Russian Africa Corps/Wagner)|Tuareg separatists (MNLA) and jihadist groups (JNIM, ISGS)",Tuareg separatist rebellion exploited by jihadist groups amid weak state presence in the Sahel,Insurgency / civil war,5000,10000,15000,20000,20000,30000,25000,Single broadly-agreed figure in cited sources; no material dispute to note,200000,True,700000,True,-1,-1,False,Not systematically estimated,Not systematically documented,"Algiers Accord (2015, largely collapsed); no comprehensive settlement with jihadist groups",Not Applicable,False,Unresolved; conflict has spread regionally into Burkina Faso and Niger; French forces withdrew 2022-2023,Low,SRC003|SRC009,2026-07-07
CNF-0103,Mozambique Cabo Delgado Insurgency,None documented,2017-10-05,ONGOING,3197,8.75,True,Ongoing (reduced intensity),True,Mozambique,1,Africa,Palma|Mocimboa da Praia,-10.67,40.38,Mozambican government (+ Rwandan and SADC forces),Islamic State Central Africa Province (ISCAP/Al-Shabaab Mozambique),Mozambican government (+ Rwandan and SADC forces)|Islamic State Central Africa Province (ISCAP/Al-Shabaab Mozambique),Islamist insurgency exploiting local grievances near natural gas discoveries,Insurgency,1000,2000,3000,4000,4000,6000,5000,Single broadly-agreed figure in cited sources; no material dispute to note,-1,False,700000,True,-1,-1,False,Not systematically estimated,Not systematically documented,No comprehensive peace agreement,Not Applicable,False,Rwandan/SADC intervention (2021) reduced insurgent territorial control; sporadic attacks continue,Low,SRC003|SRC009,2026-07-07
CNF-0104,Cameroon Anglophone Crisis,Ambazonia conflict,2016-11-21,ONGOING,3515,9.62,True,Ongoing (low intensity),True,Cameroon,1,Africa,Bamenda|Buea,5.96,10.15,Cameroonian government,Ambazonian separatist militias,Cameroonian government|Ambazonian separatist militias,Anglophone minority grievances over marginalization by the Francophone-majority government,Insurgency / separatist conflict,1000,3000,4000,6000,6000,6500,6300,Single broadly-agreed figure in cited sources; no material dispute to note,-1,False,600000,True,-1,-1,False,Not systematically estimated,Not systematically documented,No comprehensive peace agreement; Swiss-facilitated talks stalled,Not Applicable,False,Unresolved; low-level insurgency and government crackdowns continue,Low,SRC003|SRC009,2026-07-07
CNF-0105,First Intifada,None documented,1987-12-08,1993-09-13,2106,5.77,False,Ended,False,Israel|Palestine,2,Middle East,Gaza City|Ramallah,31.9,35.2,Israel,Palestine Liberation Organization / grassroots Palestinian committees,Israel|Palestine Liberation Organization / grassroots Palestinian committees,Popular Palestinian uprising against Israeli occupation of the West Bank and Gaza,Uprising / insurgency,0,0,1300,1500,1300,1500,1400,Single broadly-agreed figure in cited sources; no material dispute to note,-1,False,-1,False,-1,-1,False,Not systematically estimated,Not systematically documented,Oslo Accords (1993),Not Applicable,False,Led to the Oslo peace process and creation of the Palestinian Authority,Medium,SRC003|SRC012,2026-07-07
CNF-0106,Second Intifada,Al-Aqsa Intifada,2000-09-28,2005-02-08,1594,4.36,False,Ended,False,Israel|Palestine,2,Middle East,Jerusalem|Gaza City,31.9,35.2,Israel,"Palestinian militant factions (Hamas, PIJ, Fatah's Al-Aqsa Martyrs Brigades)","Israel|Palestinian militant factions (Hamas, PIJ, Fatah's Al-Aqsa Martyrs Brigades)",Breakdown of the Oslo peace process; Ariel Sharon's visit to the Temple Mount/Al-Aqsa compound,Uprising / insurgency,1000,1100,2100,3200,3100,4300,4300,Single broadly-agreed figure in cited sources; no material dispute to note,-1,False,-1,False,-1,-1,False,Not systematically estimated,Not systematically documented,Sharm el-Sheikh Summit (2005),Not Applicable,False,Ceasefire; construction of Israeli West Bank barrier; peace process stalled,Medium,SRC003|SRC012,2026-07-07
